{
    "ㄅ": 0.02328377289078929,
    "ㄆ": 0.004904111824017412,
    "ㄇ": 0.012281906588886086,
    "ㄈ": 0.014265115520098941,
    "ㄉ": 0.039938069227556224,
    "ㄊ": 0.01804904520761104,
    "ㄋ": 0.00784756480709142,
    "ㄌ": 0.02208741196612213,
    "ㄍ": 0.025058559337677023,
    "ㄎ": 0.010756349272933535,
    "ㄏ": 0.017560017140858662,
    "ㄐ": 0.040561241081616475,
    "ㄑ": 0.013051823317025096,
    "ㄒ": 0.022566498666398222,
    "ㄓ": 0.03243993892080645,
    "ㄔ": 0.012292259336296147,
    "ㄕ": 0.032228181094281896,
    "ㄖ": 0.010097375058399418,
    "ㄗ": 0.014940985373602412,
    "ㄘ": 0.004407495611922281,
    "ㄙ": 0.009466854352361352,
    "ㄚ": 0.021963700860390904,
    "ㄛ": 0.016600051585743517,
    "ㄜ": 0.025239270122937415,
    "ㄝ": 0.013401909509935101,
    "ㄞ": 0.023992809822943346,
    "ㄟ": 0.020530078527844574,
    "ㄠ": 0.023339010454709805,
    "ㄡ": 0.02210393542753878,
    "ㄢ": 0.05465365654369757,
    "ㄣ": 0.03250586882506132,
    "ㄤ": 0.028486074795613454,
    "ㄥ": 0.05193504055151406,
    "ㄦ": 0.0036992473296028937,
    "ㄧ": 0.13965305881432868,
    "ㄨ": 0.10543270597947982,
    "ㄩ": 0.028379004252307247
}